condition,episode,censored,died,start_simulation_age_ms,end_simulation_age_ms,survival_ticks,survival_seconds,kills,hits,shots,attack_ticks,damage_received,damage_events,damage_per_minute,distance_doom_units,mean_abs_turn,mean_turn,mean_forward
none,1,False,True,0,6257.1,219,6.2571,1,1,8,25,100.0,9,958.904,206.665,0.91415,0.41411,2.17481
none,2,False,True,6257.1,11514.3,184,5.2571,1,2,7,18,100.0,9,1141.304,110.104,1.0383,0.52159,1.33298
none,3,False,True,11514.3,16657.1,180,5.1429,0,1,5,12,100.0,9,1166.667,98.916,1.00038,0.39947,1.14568
none,4,False,True,16657.1,23685.7,246,7.0286,1,3,9,18,100.0,11,853.659,133.125,0.92881,0.51148,1.14222
none,5,False,True,23685.7,29028.6,187,5.3429,0,2,7,18,100.0,10,1122.995,97.479,0.84132,0.2822,1.33842
none,6,False,True,29028.6,34428.6,189,5.4,0,0,6,14,100.0,9,1111.111,96.357,1.03978,0.47809,1.33995
none,7,False,True,34428.6,42314.3,276,7.8857,2,2,10,24,100.0,9,760.87,169.26,1.07912,0.60703,1.26634
none,8,False,True,42314.3,47628.6,186,5.3143,0,1,7,21,100.0,9,1129.032,102.086,0.93354,0.21219,1.57099
none,9,False,True,47628.6,54685.7,247,7.0571,1,0,10,32,100.0,9,850.202,184.702,1.05619,0.3956,1.96577
none,10,False,True,54685.7,62200.0,263,7.5143,2,2,10,17,100.0,10,798.479,129.628,0.99833,0.62198,0.90988
none,11,False,True,62200.0,67914.3,200,5.7143,1,3,7,21,100.0,11,1050.0,135.694,1.06223,0.5914,1.68995
none,12,False,True,67914.3,72285.7,153,4.3714,0,0,4,10,100.0,7,1372.549,68.338,0.93858,0.4334,0.90616
none,13,False,True,72285.7,78114.3,204,5.8286,0,2,7,24,100.0,10,1029.412,119.533,0.91885,0.38344,1.67298
none,14,False,True,78114.3,84171.4,212,6.0571,0,3,7,18,100.0,9,990.566,125.531,0.90421,0.33502,1.25488
none,15,False,True,84171.4,88800.0,162,4.6286,1,3,7,13,100.0,10,1296.296,108.502,0.79054,0.01346,1.11863
none,16,False,True,88800.0,95771.4,244,6.9714,0,2,8,24,100.0,13,860.656,121.047,1.01039,0.54172,1.50548
none,17,False,True,95771.4,100942.9,181,5.1714,0,4,8,18,100.0,9,1160.221,96.627,0.82158,0.05883,1.44624
none,18,False,True,100942.9,107971.4,246,7.0286,2,4,10,24,100.0,9,853.659,140.509,1.19211,0.45075,1.37158
none,19,False,True,107971.4,113971.4,210,6.0,1,2,7,16,100.0,9,1000.0,125.681,1.02843,0.46999,1.19119
none,20,False,True,113971.4,120000.0,211,6.0286,1,3,7,18,100.0,10,995.261,119.559,0.97058,0.47907,1.33591
none,21,False,True,120000.0,125285.7,185,5.2857,0,1,7,19,100.0,8,1135.135,91.011,1.08586,0.5326,1.58444
none,22,False,True,125285.7,131714.3,225,6.4286,0,0,7,20,100.0,8,933.333,137.22,0.91718,-0.01828,1.53268
none,23,False,True,131714.3,137400.0,199,5.6857,0,2,7,24,100.0,8,1055.276,147.31,1.06508,0.21366,1.74851
none,24,False,True,137400.0,142314.3,172,4.9143,0,0,5,12,100.0,9,1220.93,82.178,1.19133,0.8774,1.10663
none,25,False,True,142314.3,147571.4,184,5.2571,1,2,6,11,100.0,9,1141.304,98.675,1.1307,0.52019,0.79355
none,26,False,True,147571.4,153114.3,194,5.5429,1,3,7,17,100.0,8,1082.474,138.31,1.17865,0.70413,1.30631
none,27,False,True,153114.3,162914.3,343,9.8,2,3,15,62,100.0,9,612.245,352.801,1.06775,0.61866,2.74881
none,28,False,True,162914.3,170514.3,266,7.6,2,2,13,62,100.0,8,789.474,362.306,1.096,0.56369,3.73968
none,29,False,True,170514.3,179600.0,318,9.0857,2,3,15,67,100.0,9,660.377,348.828,0.98729,0.37773,3.3023
none,30,False,True,179600.0,189685.7,353,10.0857,4,3,17,86,100.0,9,594.901,425.304,0.98607,0.3737,3.91961
none,31,False,True,189685.7,199828.6,355,10.1429,2,0,17,83,100.0,7,591.549,463.32,0.99576,0.38977,3.78097
none,32,False,True,199828.6,206371.4,229,6.5429,0,0,10,53,100.0,10,917.031,331.222,1.06501,0.5684,3.86601
none,33,False,True,206371.4,212228.6,205,5.8571,0,4,11,39,100.0,7,1024.39,175.085,0.90809,0.29204,2.77771
none,34,False,True,212228.6,222285.7,352,10.0571,1,2,15,70,100.0,8,596.591,389.568,0.93764,0.55088,3.07688
none,35,False,True,222285.7,227571.4,185,5.2857,0,4,9,53,100.0,6,1135.135,245.514,1.14428,0.48485,4.90205
none,36,False,True,227571.4,233457.1,206,5.8857,0,0,10,50,100.0,8,1019.417,276.855,1.0292,0.44932,3.78645
none,37,False,True,233457.1,240971.4,263,7.5143,1,0,12,66,100.0,7,798.479,412.342,1.00918,0.57576,4.22074
none,38,False,True,240971.4,254400.0,470,13.4286,2,3,24,112,100.0,8,446.809,639.981,1.00018,0.30518,4.00038
none,39,False,True,254400.0,259942.9,194,5.5429,1,3,10,31,100.0,9,1082.474,160.376,1.13015,0.62189,2.51854
none,40,False,True,259942.9,266828.6,241,6.8857,1,0,12,77,100.0,7,871.369,425.387,1.02968,0.54548,4.96456
none,41,False,True,266828.6,276314.3,332,9.4857,2,2,16,80,100.0,9,632.53,442.838,1.14642,0.56311,3.7568
none,42,False,True,276314.3,283828.6,263,7.5143,1,2,13,64,100.0,10,798.479,343.441,1.00004,0.45949,3.79186
none,43,False,True,283828.6,290285.7,226,6.4571,0,0,11,57,100.0,8,929.204,329.216,0.99842,0.3548,4.36179
none,44,False,True,290285.7,297342.9,247,7.0571,1,2,11,54,100.0,10,850.202,308.702,1.1229,0.3684,3.54206
none,45,False,True,297342.9,303571.4,218,6.2286,2,5,12,55,100.0,8,963.303,245.08,0.94277,0.14274,3.93428
none,46,False,True,303571.4,310114.3,229,6.5429,1,0,10,50,100.0,9,917.031,321.299,1.12476,0.61609,3.49251
none,47,False,True,310114.3,318228.6,284,8.1143,1,1,15,68,100.0,7,739.437,347.524,1.06408,0.51791,3.52417
none,48,False,True,318228.6,324257.1,211,6.0286,1,0,10,49,100.0,8,995.261,250.775,1.08327,0.56199,3.70887
none,49,False,True,324257.1,331342.9,248,7.0857,0,0,11,50,100.0,7,846.774,303.747,1.06656,0.50172,3.27199
none,50,False,True,331342.9,337685.7,222,6.3429,0,1,10,47,100.0,10,945.946,269.679,1.00261,0.51716,3.66331
none,51,False,True,337685.7,344342.9,233,6.6571,0,0,13,66,100.0,9,901.288,330.871,1.08168,0.52962,4.69825
none,52,False,True,344342.9,350828.6,227,6.4857,1,2,12,60,100.0,8,925.11,287.337,1.14071,0.66448,4.38256
none,53,False,True,350828.6,360885.7,352,10.0571,2,0,19,81,100.0,9,596.591,470.423,1.03426,0.53281,3.60384
none,54,False,True,360885.7,373714.3,449,12.8286,3,2,22,116,100.0,8,467.706,601.357,0.98325,0.36185,3.97157
none,55,False,True,373714.3,380171.4,226,6.4571,1,2,9,45,100.0,8,929.204,279.858,1.06535,0.6425,3.21697
none,56,False,True,380171.4,385542.9,188,5.3714,0,2,11,54,100.0,9,1117.021,273.853,1.14752,0.59279,4.30131
none,57,False,True,385542.9,392971.4,260,7.4286,1,0,13,68,100.0,9,807.692,372.296,0.94044,0.45452,4.22304
none,58,False,True,392971.4,397800.0,169,4.8286,0,1,7,38,100.0,8,1242.604,186.323,1.09813,0.55663,3.46713
none,59,False,True,397800.0,404314.3,228,6.5143,1,1,12,55,100.0,8,921.053,304.207,1.04062,0.57147,3.76967
none,60,False,True,404314.3,413257.1,313,8.9429,3,3,15,79,100.0,9,670.927,463.105,0.92669,0.35443,4.22285
none,61,False,True,413257.1,417942.9,164,4.6857,0,2,7,36,100.0,8,1280.488,168.659,0.89849,0.11241,3.31446
none,62,False,True,417942.9,426800.0,310,8.8571,2,2,15,91,100.0,8,677.419,476.559,1.09582,0.49377,4.4562
none,63,False,True,426800.0,430600.0,133,3.8,1,2,6,28,100.0,7,1578.947,163.475,0.87812,0.23445,3.22719
none,64,False,True,430600.0,441285.7,374,10.6857,2,0,19,88,100.0,10,561.497,490.698,0.98713,0.38255,3.73965
none,65,False,True,441285.7,446914.3,197,5.6286,0,1,9,42,100.0,8,1065.99,179.291,1.04303,0.60021,3.11612
none,66,False,True,446914.3,453600.0,234,6.6857,0,2,10,43,100.0,10,897.436,150.856,1.04523,0.63926,2.80888
none,67,False,True,453600.0,458885.7,185,5.2857,0,3,9,56,100.0,8,1135.135,239.074,1.00896,0.33049,4.54997
none,68,False,True,458885.7,471085.7,427,12.2,2,0,21,112,100.0,9,491.803,571.94,0.9759,0.35413,4.17014
none,69,False,True,471085.7,476714.3,197,5.6286,0,1,9,39,100.0,9,1065.99,212.861,0.99222,0.42827,3.26306
none,70,False,True,476714.3,481257.1,159,4.5429,0,2,8,35,100.0,8,1320.755,143.552,0.89427,0.0879,3.32249
none,71,False,True,481257.1,486885.7,197,5.6286,0,2,10,50,100.0,9,1065.99,246.54,0.97075,0.46803,3.73238
none,72,False,True,486885.7,493628.6,236,6.7429,2,0,10,55,100.0,7,889.831,320.463,0.99715,0.43847,3.75129
none,73,False,True,493628.6,504228.6,371,10.6,2,2,20,79,100.0,9,566.038,415.23,1.0378,0.56412,3.27105
none,74,False,True,504228.6,512600.0,293,8.3714,1,1,15,75,100.0,9,716.724,441.086,1.02639,0.43086,4.32807
none,75,False,True,512600.0,521828.6,323,9.2286,2,0,14,66,100.0,8,650.155,329.907,0.97684,0.39361,3.07493
none,76,False,True,521828.6,528971.4,250,7.1429,1,2,11,49,100.0,11,840.0,306.492,1.20733,0.55327,3.44004
none,77,False,True,528971.4,539857.1,381,10.8857,2,1,19,101,100.0,9,551.181,574.55,0.93215,0.47748,4.64496
none,78,False,True,539857.1,546485.7,232,6.6286,1,2,12,58,100.0,10,905.172,305.412,0.92227,0.19504,4.25645
none,79,False,True,546485.7,554771.4,290,8.2857,1,0,14,73,100.0,8,724.138,429.342,1.03305,0.52454,3.93013
none,80,False,True,554771.4,565057.1,360,10.2857,2,0,18,90,100.0,10,583.333,495.509,0.98629,0.41237,3.95776
none,81,False,True,565057.1,571600.0,229,6.5429,1,1,11,53,100.0,8,917.031,293.39,1.03384,0.56964,3.54942
none,82,False,True,571600.0,577142.9,194,5.5429,0,2,10,42,100.0,9,1082.474,250.989,1.0354,0.45316,3.78714
none,83,False,True,577142.9,582571.4,190,5.4286,0,0,8,46,100.0,8,1105.263,285.371,1.02718,0.56621,3.8202
none,84,False,True,582571.4,587914.3,187,5.3429,0,1,8,30,100.0,11,1122.995,155.499,0.95257,0.36307,2.6254
none,85,False,True,587914.3,593314.3,189,5.4,0,1,9,43,100.0,9,1111.111,209.589,0.96576,0.31374,3.40576
none,86,True,False,593314.3,600000.0,234,6.6857,1,2,12,60,90.0,6,807.692,369.86,1.11977,0.56657,4.22683
snxx29,1,False,True,0,5742.9,201,5.7429,1,1,7,26,100.0,9,1044.776,188.666,0.9987,0.52448,2.3923
snxx29,2,False,True,5742.9,12857.1,249,7.1143,2,1,9,28,100.0,11,843.373,137.051,1.12024,-0.0237,1.62441
snxx29,3,False,True,12857.1,18457.1,196,5.6,0,1,7,20,100.0,9,1071.429,127.981,0.98366,0.58993,1.50706
snxx29,4,False,True,18457.1,23914.3,191,5.4571,0,1,5,11,100.0,9,1099.476,81.351,0.96161,0.56942,0.80677
snxx29,5,False,True,23914.3,29342.9,190,5.4286,0,0,7,16,100.0,8,1105.263,106.307,0.89202,0.19003,1.4604
snxx29,6,False,True,29342.9,35000.0,198,5.6571,0,3,8,15,100.0,9,1060.606,99.464,1.15931,0.72076,1.33975
snxx29,7,False,True,35000.0,41285.7,220,6.2857,2,3,8,20,100.0,10,954.545,136.219,0.94598,0.43951,1.50948
snxx29,8,False,True,41285.7,47314.3,211,6.0286,0,2,6,13,100.0,10,995.261,120.661,1.21014,0.52142,0.88029
snxx29,9,False,True,47314.3,53200.0,206,5.8857,0,1,9,20,100.0,10,1019.417,136.402,0.8844,0.48399,1.44039
snxx29,10,False,True,53200.0,58800.0,196,5.6,0,0,7,19,100.0,10,1071.429,108.916,0.96996,0.54769,1.48054
snxx29,11,False,True,58800.0,64885.7,213,6.0857,1,3,6,15,100.0,10,985.915,124.683,0.94527,0.23876,0.98491
snxx29,12,False,True,64885.7,70457.1,195,5.5714,1,4,9,18,100.0,9,1076.923,118.484,1.02426,0.17858,1.34083
snxx29,13,False,True,70457.1,77600.0,250,7.1429,1,3,10,33,100.0,10,840.0,208.691,0.98532,0.52306,1.98973
snxx29,14,False,True,77600.0,84371.4,237,6.7714,1,2,9,26,100.0,9,886.076,151.1,1.08659,0.6893,1.63409
snxx29,15,False,True,84371.4,89228.6,170,4.8571,0,1,6,17,100.0,10,1235.294,130.232,0.98989,0.50079,1.59753
snxx29,16,False,True,89228.6,97428.6,287,8.2,1,2,11,22,100.0,11,731.707,133.781,1.07365,0.72754,1.09812
snxx29,17,False,True,97428.6,104171.4,236,6.7429,2,3,7,13,100.0,9,889.831,122.767,1.01657,0.06637,0.91883
snxx29,18,False,True,104171.4,112771.4,301,8.6,2,4,12,23,100.0,9,697.674,158.032,1.02493,0.63573,1.07252
snxx29,19,False,True,112771.4,119057.1,220,6.2857,1,4,8,24,100.0,8,954.545,121.157,0.85303,0.12834,1.5912
snxx29,20,False,True,119057.1,125028.6,209,5.9714,0,2,8,20,100.0,10,1004.785,129.619,0.8426,0.08379,1.33153
snxx29,21,False,True,125028.6,131000.0,209,5.9714,0,0,9,22,100.0,9,1004.785,143.227,0.93226,0.43197,1.54549
snxx29,22,False,True,131000.0,136942.9,208,5.9429,1,2,7,17,100.0,10,1009.615,125.055,1.08085,0.54929,1.28292
snxx29,23,False,True,136942.9,144285.7,257,7.3429,2,2,10,26,100.0,9,817.121,167.407,0.94518,0.47258,1.45401
snxx29,24,False,True,144285.7,149200.0,172,4.9143,0,2,5,15,100.0,8,1220.93,128.944,1.11978,0.63027,1.32777
snxx29,25,False,True,149200.0,154457.1,184,5.2571,0,1,7,15,100.0,9,1141.304,103.954,1.13836,0.71626,1.13082
snxx29,26,False,True,154457.1,160085.7,197,5.6286,1,0,8,20,100.0,10,1065.99,119.485,1.03256,0.54502,1.78185
snxx29,27,False,True,160085.7,168800.0,305,8.7143,2,2,10,29,100.0,9,688.525,187.192,0.94265,0.39208,1.47161
snxx29,28,False,True,168800.0,174085.7,185,5.2857,0,0,4,6,100.0,10,1135.135,91.98,1.10902,0.59862,0.45428
snxx29,29,False,True,174085.7,180057.1,209,5.9714,0,0,8,22,100.0,9,1004.785,166.609,0.97932,0.44502,1.55783
snxx29,30,False,True,180057.1,185571.4,193,5.5143,0,1,5,18,100.0,9,1088.083,125.321,1.05467,0.50513,1.49991
snxx29,31,False,True,185571.4,191200.0,197,5.6286,0,1,9,25,100.0,9,1065.99,126.569,1.06225,0.30771,1.83444
snxx29,32,False,True,191200.0,197571.4,223,6.3714,1,3,10,32,100.0,9,941.704,144.765,1.04569,0.51851,2.11841
snxx29,33,False,True,197571.4,203485.7,207,5.9143,1,1,7,20,100.0,11,1014.493,119.188,1.0031,0.48727,1.54275
snxx29,34,False,True,203485.7,209428.6,208,5.9429,0,2,8,20,100.0,9,1009.615,126.276,0.88976,0.06551,1.44324
snxx29,35,False,True,209428.6,214714.3,185,5.2857,1,1,8,18,100.0,8,1135.135,134.135,0.89513,0.28607,1.38881
snxx29,36,False,True,214714.3,220342.9,197,5.6286,0,3,7,17,100.0,9,1065.99,138.161,1.02073,0.50955,1.38479
snxx29,37,False,True,220342.9,226657.1,221,6.3143,1,3,9,23,100.0,7,950.226,179.34,1.07851,0.53415,1.54313
snxx29,38,False,True,226657.1,233657.1,245,7.0,3,2,9,26,100.0,11,857.143,172.136,1.08392,0.53188,1.66821
snxx29,39,False,True,233657.1,239171.4,193,5.5143,0,3,7,14,100.0,10,1088.083,108.577,1.24634,0.97249,1.07824
snxx29,40,False,True,239171.4,244342.9,181,5.1714,0,2,5,12,100.0,7,1160.221,131.844,1.09648,0.5922,1.08268
snxx29,41,False,True,244342.9,249914.3,195,5.5714,1,4,8,17,100.0,10,1076.923,124.179,1.00624,0.51326,1.5146
snxx29,42,False,True,249914.3,255342.9,190,5.4286,0,2,5,9,100.0,10,1105.263,109.399,1.04997,0.54956,0.7292
snxx29,43,False,True,255342.9,263228.6,276,7.8857,1,0,8,21,100.0,11,760.87,138.199,1.05416,0.2809,1.22489
snxx29,44,False,True,263228.6,269800.0,230,6.5714,1,3,9,19,100.0,8,913.043,150.974,0.89916,0.06439,1.26355
snxx29,45,False,True,269800.0,274942.9,180,5.1429,0,1,7,20,100.0,9,1166.667,132.798,1.1289,0.50226,1.64125
snxx29,46,False,True,274942.9,280457.1,193,5.5143,0,0,7,13,100.0,9,1088.083,126.084,0.97039,0.62038,1.14553
snxx29,47,False,True,280457.1,287457.1,245,7.0,1,1,6,17,100.0,8,857.143,113.246,1.16969,0.72653,0.96954
snxx29,48,False,True,287457.1,292600.0,180,5.1429,0,1,6,17,100.0,7,1166.667,122.73,0.86955,0.39164,1.65141
snxx29,49,False,True,292600.0,298457.1,205,5.8571,0,1,8,23,100.0,9,1024.39,114.01,0.97394,0.73294,1.56579
snxx29,50,False,True,298457.1,310114.3,408,11.6571,3,1,11,25,100.0,11,514.706,163.795,0.91967,0.2879,0.91737
snxx29,51,False,True,310114.3,315314.3,182,5.2,0,2,5,11,100.0,8,1153.846,80.981,1.142,0.96563,0.83775
snxx29,52,False,True,315314.3,320571.4,184,5.2571,1,1,4,11,100.0,8,1141.304,110.673,0.95669,0.50447,0.87154
snxx29,53,False,True,320571.4,326628.6,212,6.0571,0,2,7,13,100.0,9,990.566,123.664,0.90735,0.19068,0.90013
snxx29,54,False,True,326628.6,332428.6,203,5.8,0,0,8,27,100.0,10,1034.483,123.467,1.21023,0.85172,2.0247
snxx29,55,False,True,332428.6,338314.3,206,5.8857,0,1,8,15,100.0,11,1019.417,107.652,1.0672,0.43293,1.08656
snxx29,56,False,True,338314.3,343857.1,194,5.5429,0,0,6,16,100.0,9,1082.474,136.049,0.99514,0.52889,1.27245
snxx29,57,False,True,343857.1,349485.7,197,5.6286,1,3,7,16,100.0,11,1065.99,93.467,0.99844,0.54412,1.12626
snxx29,58,False,True,349485.7,354742.9,184,5.2571,1,2,8,26,100.0,9,1141.304,131.373,1.01282,0.57825,2.08263
snxx29,59,False,True,354742.9,360428.6,199,5.6857,0,3,8,23,100.0,9,1055.276,144.451,0.84786,0.12372,2.07616
snxx29,60,False,True,360428.6,366657.1,218,6.2286,1,2,8,19,100.0,11,963.303,109.134,0.96801,0.37635,1.32144
snxx29,61,False,True,366657.1,370685.7,141,4.0286,0,1,5,11,100.0,8,1489.362,106.292,0.96214,0.11458,1.0903
snxx29,62,False,True,370685.7,375971.4,185,5.2857,1,2,8,25,100.0,7,1135.135,145.035,1.00328,0.6004,2.11893
snxx29,63,False,True,375971.4,379600.0,127,3.6286,0,0,5,18,100.0,7,1653.543,115.768,0.95194,0.55108,1.96453
snxx29,64,False,True,379600.0,384885.7,185,5.2857,1,2,6,14,100.0,9,1135.135,113.72,1.03182,0.67431,1.22186
snxx29,65,False,True,384885.7,390171.4,185,5.2857,1,3,6,17,100.0,9,1135.135,115.483,1.07052,0.56624,1.37696
snxx29,66,False,True,390171.4,395742.9,195,5.5714,1,3,7,20,100.0,7,1076.923,105.54,1.18245,0.7226,1.5928
snxx29,67,False,True,395742.9,401428.6,199,5.6857,1,2,7,20,100.0,7,1055.276,115.708,1.02048,0.5052,1.48612
snxx29,68,False,True,401428.6,406771.4,187,5.3429,1,2,6,18,100.0,9,1122.995,113.224,1.09354,0.56096,1.61572
snxx29,69,False,True,406771.4,412400.0,197,5.6286,1,2,7,17,100.0,9,1065.99,115.119,1.06243,0.63005,1.17099
snxx29,70,False,True,412400.0,417085.7,164,4.6857,0,0,5,15,100.0,7,1280.488,111.137,1.01501,0.07034,1.42464
snxx29,71,False,True,417085.7,423171.4,213,6.0857,0,3,10,32,100.0,9,985.915,160.751,0.98167,0.25876,2.51441
snxx29,72,False,True,423171.4,427428.6,149,4.2571,0,1,7,15,100.0,6,1409.396,121.853,1.09499,0.68561,1.55694
snxx29,73,False,True,427428.6,432685.7,184,5.2571,1,2,9,18,100.0,9,1141.304,105.532,0.79971,0.10097,1.31989
snxx29,74,False,True,432685.7,437971.4,185,5.2857,1,2,7,16,100.0,9,1135.135,103.949,1.1767,0.58792,1.25493
snxx29,75,False,True,437971.4,443228.6,184,5.2571,0,2,8,21,100.0,9,1141.304,115.179,0.92871,0.29903,1.61999
snxx29,76,False,True,443228.6,448485.7,184,5.2571,0,0,7,20,100.0,10,1141.304,120.652,0.7565,0.18632,1.54747
snxx29,77,False,True,448485.7,454600.0,214,6.1143,1,2,8,24,100.0,8,981.308,133.147,1.0664,0.47324,1.73316
snxx29,78,False,True,454600.0,460371.4,202,5.7714,0,2,7,22,100.0,9,1039.604,136.232,1.01111,-0.0196,1.56812
snxx29,79,False,True,460371.4,465885.7,193,5.5143,0,2,7,22,100.0,9,1088.083,130.796,1.01202,0.47384,1.68293
snxx29,80,False,True,465885.7,474342.9,296,8.4571,1,1,11,30,100.0,10,709.459,173.653,1.07134,0.68861,1.47389
snxx29,81,False,True,474342.9,480485.7,215,6.1429,1,2,9,20,100.0,9,976.744,128.945,0.83244,0.31023,1.43258
snxx29,82,False,True,480485.7,485571.4,178,5.0857,0,1,4,8,100.0,9,1179.775,109.048,0.97553,0.4708,0.61184
snxx29,83,False,True,485571.4,491257.1,199,5.6857,1,2,8,20,100.0,8,1055.276,101.138,0.97739,0.3301,1.58818
snxx29,84,False,True,491257.1,497228.6,209,5.9714,0,2,7,19,100.0,12,1004.785,115.825,0.98299,0.13287,1.31436
snxx29,85,False,True,497228.6,505485.7,289,8.2571,2,2,10,26,100.0,11,726.644,171.887,0.87448,0.39534,1.27497
snxx29,86,False,True,505485.7,511314.3,204,5.8286,0,1,7,19,100.0,9,1029.412,110.214,1.00034,0.56998,1.30563
snxx29,87,False,True,511314.3,516828.6,193,5.5143,1,2,5,12,100.0,7,1088.083,112.886,1.17542,0.4669,0.98307
snxx29,88,False,True,516828.6,522771.4,208,5.9429,0,0,7,16,100.0,11,1009.615,107.147,1.14324,0.65036,1.08614
snxx29,89,False,True,522771.4,528742.9,209,5.9714,0,0,6,15,100.0,10,1004.785,137.436,1.02418,0.42341,1.13915
snxx29,90,False,True,528742.9,535200.0,226,6.4571,0,0,9,21,100.0,9,929.204,155.158,0.93159,0.20613,1.46148
snxx29,91,False,True,535200.0,541114.3,207,5.9143,0,2,6,16,100.0,11,1014.493,130.344,0.90593,0.1871,1.17151
snxx29,92,False,True,541114.3,546600.0,192,5.4857,0,0,9,26,100.0,7,1093.75,176.109,0.87549,0.0576,1.86034
snxx29,93,False,True,546600.0,552057.1,191,5.4571,0,1,6,17,100.0,8,1099.476,112.56,1.36882,1.12873,1.28874
snxx29,94,False,True,552057.1,557971.4,207,5.9143,0,1,8,22,100.0,10,1014.493,124.227,1.20098,0.83552,1.61565
snxx29,95,False,True,557971.4,563628.6,198,5.6571,0,0,7,19,100.0,9,1060.606,125.431,1.00241,0.45079,1.47912
snxx29,96,False,True,563628.6,568085.7,156,4.4571,0,1,5,11,100.0,7,1346.154,97.462,0.91306,0.43564,1.08245
snxx29,97,False,True,568085.7,573571.4,192,5.4857,1,2,6,17,100.0,9,1093.75,126.337,1.08713,0.50607,1.24797
snxx29,98,False,True,573571.4,578228.6,163,4.6571,0,0,7,18,100.0,7,1288.344,113.181,0.95556,0.53286,1.54632
snxx29,99,False,True,578228.6,583628.6,189,5.4,0,1,7,12,100.0,10,1111.111,100.448,1.27789,0.93899,0.88701
snxx29,100,False,True,583628.6,590200.0,230,6.5714,1,5,9,24,100.0,12,913.043,121.742,0.86804,0.08076,1.47097
snxx29,101,False,True,590200.0,595285.7,178,5.0857,1,3,6,14,100.0,9,1179.775,106.295,0.86323,0.01862,1.23943
snxx29,102,True,False,595285.7,600000.0,165,4.7143,0,0,3,8,63.0,7,801.818,67.719,1.11751,0.86194,0.69049
random-matched,1,False,True,0,7628.6,267,7.6286,3,2,11,41,100.0,11,786.517,278.651,0.87292,0.39739,2.78961
random-matched,2,False,True,7628.6,13942.9,221,6.3143,2,2,8,23,100.0,9,950.226,140.492,1.04864,0.71999,1.4647
random-matched,3,False,True,13942.9,18914.3,174,4.9714,0,1,6,10,100.0,8,1206.897,89.963,1.03769,0.64242,0.80494
random-matched,4,False,True,18914.3,30200.0,395,11.2857,3,4,14,33,100.0,11,531.646,154.14,1.08638,0.72855,1.23262
random-matched,5,False,True,30200.0,35485.7,185,5.2857,1,2,7,16,100.0,9,1135.135,113.308,0.89786,0.08053,1.37947
random-matched,6,False,True,35485.7,40742.9,184,5.2571,0,2,5,18,100.0,7,1141.304,101.419,1.06712,0.55259,1.36675
random-matched,7,False,True,40742.9,46914.3,216,6.1714,1,4,8,27,100.0,8,972.222,152.687,1.01513,0.22858,1.87897
random-matched,8,False,True,46914.3,52542.9,197,5.6286,0,1,7,20,100.0,10,1065.99,103.205,1.20669,0.7933,1.42265
random-matched,9,False,True,52542.9,58342.9,203,5.8,0,1,7,16,100.0,9,1034.483,123.814,1.04961,0.14907,1.14296
random-matched,10,False,True,58342.9,65000.0,233,6.6571,1,1,7,16,100.0,10,901.288,94.2,1.20815,0.98467,0.95432
random-matched,11,False,True,65000.0,71771.4,237,6.7714,1,1,7,24,100.0,10,886.076,157.917,0.98059,0.15416,1.50626
random-matched,12,False,True,71771.4,76171.4,154,4.4,0,0,5,14,100.0,9,1363.636,93.196,1.14381,0.78323,1.25889
random-matched,13,False,True,76171.4,82342.9,216,6.1714,1,2,7,17,100.0,11,972.222,100.421,0.95491,0.45025,1.17216
random-matched,14,False,True,82342.9,88085.7,201,5.7429,0,2,7,23,100.0,8,1044.776,120.73,0.94206,0.49888,1.76796
random-matched,15,False,True,88085.7,92857.1,167,4.7714,0,0,5,9,100.0,10,1257.485,77.853,1.10592,0.73113,0.87615
random-matched,16,False,True,92857.1,99885.7,246,7.0286,1,2,9,19,100.0,11,853.659,122.502,1.06433,0.64551,1.09609
random-matched,17,False,True,99885.7,106371.4,227,6.4857,1,1,8,23,100.0,8,925.11,114.529,1.02546,0.40785,1.60544
random-matched,18,False,True,106371.4,114028.6,268,7.6571,2,3,9,27,100.0,7,783.582,170.735,0.93807,0.00564,1.4634
random-matched,19,False,True,114028.6,119314.3,185,5.2857,0,0,6,12,100.0,10,1135.135,110.511,0.938,0.47453,0.90894
random-matched,20,False,True,119314.3,124771.4,191,5.4571,0,1,5,11,100.0,10,1099.476,98.442,0.91647,0.39599,0.78573
random-matched,21,False,True,124771.4,130714.3,208,5.9429,1,1,8,27,100.0,10,1009.615,134.138,0.91917,0.15309,1.91815
random-matched,22,False,True,130714.3,136057.1,187,5.3429,0,1,7,15,100.0,8,1122.995,95.375,0.92255,0.32641,1.1815
random-matched,23,False,True,136057.1,141457.1,189,5.4,1,2,7,20,100.0,8,1111.111,125.598,1.11882,0.52851,1.61079
random-matched,24,False,True,141457.1,146857.1,189,5.4,0,2,5,12,100.0,9,1111.111,94.77,1.14683,0.90889,0.98107
random-matched,25,False,True,146857.1,152114.3,184,5.2571,1,2,6,12,100.0,7,1141.304,103.61,0.94408,0.55423,0.95502
random-matched,26,False,True,152114.3,158400.0,220,6.2857,1,0,11,28,100.0,9,954.545,198.201,1.0517,0.48706,1.87303
random-matched,27,False,True,158400.0,164400.0,210,6.0,0,1,7,19,100.0,9,1000.0,130.416,0.92194,0.23323,1.18858
random-matched,28,False,True,164400.0,170342.9,208,5.9429,0,0,6,19,100.0,11,1009.615,138.765,0.98533,0.70154,1.42694
random-matched,29,False,True,170342.9,175342.9,175,5.0,0,2,5,12,100.0,9,1200.0,84.696,1.10216,0.65872,0.9583
random-matched,30,False,True,175342.9,180685.7,187,5.3429,1,4,7,18,100.0,8,1122.995,99.789,0.78977,0.10027,1.38615
random-matched,31,False,True,180685.7,186771.4,213,6.0857,2,3,9,18,100.0,11,985.915,117.541,0.92084,0.1268,1.34374
random-matched,32,False,True,186771.4,192600.0,204,5.8286,0,3,8,22,100.0,10,1029.412,149.088,0.98915,0.49783,1.65105
random-matched,33,False,True,192600.0,198771.4,216,6.1714,1,3,7,16,100.0,9,972.222,120.155,1.24368,1.03836,1.03724
random-matched,34,False,True,198771.4,204342.9,195,5.5714,1,1,8,19,100.0,8,1076.923,124.061,0.97175,0.45023,1.49044
random-matched,35,False,True,204342.9,209942.9,196,5.6,1,2,6,15,100.0,8,1071.429,123.869,1.12456,0.5909,1.11885
random-matched,36,False,True,209942.9,219028.6,318,9.0857,2,1,13,40,100.0,9,660.377,230.958,0.97258,0.34389,1.86519
random-matched,37,False,True,219028.6,225514.3,227,6.4857,2,3,6,15,100.0,10,925.11,123.735,1.01719,0.46127,1.06038
random-matched,38,False,True,225514.3,231571.4,212,6.0571,1,3,7,24,100.0,10,990.566,145.892,1.0574,0.28961,1.71563
random-matched,39,False,True,231571.4,237142.9,195,5.5714,0,0,6,17,100.0,9,1076.923,125.45,0.92148,0.4745,1.18187
random-matched,40,False,True,237142.9,242114.3,174,4.9714,1,2,7,17,100.0,7,1206.897,118.887,1.13129,0.60587,1.41251
random-matched,41,False,True,242114.3,248057.1,208,5.9429,1,3,7,19,100.0,11,1009.615,111.344,0.9817,0.51156,1.38013
random-matched,42,False,True,248057.1,253571.4,193,5.5143,0,1,7,18,100.0,8,1088.083,139.692,1.00416,0.47831,1.48381
random-matched,43,False,True,253571.4,260028.6,226,6.4571,0,2,9,23,100.0,11,929.204,131.159,0.98324,0.164,1.60064
random-matched,44,False,True,260028.6,265885.7,205,5.8571,0,1,7,21,100.0,10,1024.39,144.319,0.90553,0.3105,1.72228
random-matched,45,False,True,265885.7,271400.0,193,5.5143,1,2,8,26,100.0,8,1088.083,124.888,1.14998,0.70687,1.93561
random-matched,46,False,True,271400.0,276685.7,185,5.2857,1,2,7,13,100.0,7,1135.135,104.993,1.0511,0.54877,1.00643
random-matched,47,False,True,276685.7,282057.1,188,5.3714,1,2,6,10,100.0,7,1117.021,93.494,0.95563,0.54472,0.96695
random-matched,48,False,True,282057.1,287028.6,174,4.9714,0,1,7,21,100.0,7,1206.897,136.979,0.82726,0.19153,1.81185
random-matched,49,False,True,287028.6,292457.1,190,5.4286,0,0,7,20,100.0,8,1105.263,113.146,1.02308,0.2951,1.50987
random-matched,50,False,True,292457.1,299514.3,247,7.0571,2,4,9,24,100.0,10,850.202,154.587,1.03996,0.25163,1.50353
random-matched,51,False,True,299514.3,305342.9,204,5.8286,0,1,8,16,100.0,9,1029.412,115.778,0.97175,0.54242,1.2179
random-matched,52,False,True,305342.9,310142.9,168,4.8,1,1,5,15,100.0,7,1250.0,92.539,1.21173,0.71347,1.21973
random-matched,53,False,True,310142.9,316085.7,208,5.9429,1,2,8,14,100.0,9,1009.615,102.02,1.11026,0.63674,0.98272
random-matched,54,False,True,316085.7,322285.7,217,6.2,0,2,7,27,100.0,9,967.742,163.285,1.08675,0.70926,1.85062
random-matched,55,False,True,322285.7,328171.4,206,5.8857,1,3,6,17,100.0,9,1019.417,142.249,0.99579,0.68584,1.39346
random-matched,56,False,True,328171.4,334371.4,217,6.2,1,2,9,20,100.0,8,967.742,160.314,1.00701,0.55262,1.31033
random-matched,57,False,True,334371.4,339942.9,195,5.5714,0,0,7,18,100.0,8,1076.923,135.002,0.97952,0.17285,1.29147
random-matched,58,False,True,339942.9,343771.4,134,3.8286,0,1,3,5,100.0,8,1567.164,63.153,0.89541,0.27547,0.6295
random-matched,59,False,True,343771.4,350142.9,223,6.3714,1,2,7,23,100.0,9,941.704,185.341,0.82342,0.20922,1.59702
random-matched,60,False,True,350142.9,355657.1,193,5.5143,0,0,7,16,100.0,8,1088.083,123.679,0.86368,0.08537,1.20099
random-matched,61,False,True,355657.1,359800.0,145,4.1429,0,1,6,14,100.0,8,1448.276,120.815,1.00104,0.47693,1.31407
random-matched,62,False,True,359800.0,365942.9,215,6.1429,1,2,10,24,100.0,11,976.744,151.768,1.08393,0.47741,1.70211
random-matched,63,False,True,365942.9,370657.1,165,4.7143,1,2,7,13,100.0,7,1272.727,81.987,1.18034,0.5472,1.10961
random-matched,64,False,True,370657.1,375657.1,175,5.0,0,1,7,17,100.0,10,1200.0,98.414,0.86916,0.13914,1.5005
random-matched,65,False,True,375657.1,381428.6,202,5.7714,1,2,8,17,100.0,8,1039.604,121.972,1.13134,0.41446,1.29994
random-matched,66,False,True,381428.6,389371.4,278,7.9429,3,4,12,26,100.0,7,755.396,201.545,0.87963,0.09478,1.37034
random-matched,67,False,True,389371.4,394714.3,187,5.3429,0,0,6,17,100.0,7,1122.995,154.226,0.83473,0.15733,1.60508
random-matched,68,False,True,394714.3,400200.0,192,5.4857,0,1,8,13,100.0,8,1093.75,114.836,0.93526,0.49747,0.9317
random-matched,69,False,True,400200.0,406914.3,235,6.7143,1,2,8,28,100.0,9,893.617,165.308,1.05363,0.67771,1.662
random-matched,70,False,True,406914.3,411857.1,173,4.9429,0,0,7,19,100.0,8,1213.873,119.402,1.01491,0.56917,1.62589
random-matched,71,False,True,411857.1,417485.7,197,5.6286,0,3,8,18,100.0,10,1065.99,92.214,0.95798,0.38131,1.23797
random-matched,72,False,True,417485.7,421742.9,149,4.2571,0,1,5,13,100.0,6,1409.396,106.945,1.09561,0.68376,1.5231
random-matched,73,False,True,421742.9,427000.0,184,5.2571,1,3,7,17,100.0,8,1141.304,111.603,1.05008,0.49202,1.48369
random-matched,74,False,True,427000.0,432142.9,180,5.1429,1,4,7,19,100.0,8,1166.667,110.2,1.13277,0.46685,1.53821
random-matched,75,False,True,432142.9,437200.0,177,5.0571,0,2,4,13,100.0,10,1186.441,84.149,1.03594,0.53265,1.05548
random-matched,76,False,True,437200.0,443171.4,209,5.9714,1,0,7,22,100.0,10,1004.785,111.416,1.04721,0.5602,1.4806
random-matched,77,False,True,443171.4,449228.6,212,6.0571,1,1,8,19,100.0,9,990.566,124.266,1.17493,0.44451,1.3516
random-matched,78,False,True,449228.6,454742.9,193,5.5143,1,2,7,18,100.0,8,1088.083,134.204,1.06547,0.57122,1.38955
random-matched,79,False,True,454742.9,459914.3,181,5.1714,1,3,7,18,100.0,9,1160.221,102.113,0.93787,0.59238,1.46452
random-matched,80,False,True,459914.3,469114.3,322,9.2,1,0,9,23,100.0,10,652.174,185.818,1.12707,0.50071,1.10176
random-matched,81,False,True,469114.3,474542.9,190,5.4286,0,2,7,23,100.0,9,1105.263,117.829,1.08615,0.43652,1.69166
random-matched,82,False,True,474542.9,479257.1,165,4.7143,0,0,5,13,100.0,8,1272.727,112.62,0.94955,0.55689,1.09536
random-matched,83,False,True,479257.1,484542.9,185,5.2857,0,1,4,11,100.0,9,1135.135,101.082,0.89484,0.27148,0.77112
random-matched,84,False,True,484542.9,491314.3,237,6.7714,0,1,8,18,100.0,13,886.076,135.076,0.93615,0.37757,1.35537
random-matched,85,False,True,491314.3,497914.3,231,6.6,1,1,8,21,100.0,9,909.091,137.355,1.0419,0.34177,1.41218
random-matched,86,False,True,497914.3,504142.9,218,6.2286,1,1,9,23,100.0,11,963.303,133.072,1.01372,0.41481,1.57763
random-matched,87,False,True,504142.9,509142.9,175,5.0,0,1,7,15,100.0,10,1200.0,92.264,0.93903,0.25531,1.29084
random-matched,88,False,True,509142.9,514085.7,173,4.9429,0,1,5,9,100.0,10,1213.873,68.75,0.96588,0.41669,0.68252
random-matched,89,False,True,514085.7,519228.6,180,5.1429,0,0,5,8,100.0,9,1166.667,100.538,1.07139,0.50975,0.74402
random-matched,90,False,True,519228.6,524485.7,184,5.2571,0,2,8,18,100.0,10,1141.304,86.053,1.00175,0.5797,1.41633
random-matched,91,False,True,524485.7,530514.3,211,6.0286,0,2,8,25,100.0,9,995.261,148.852,1.04067,0.50262,1.79398
random-matched,92,False,True,530514.3,536742.9,218,6.2286,2,4,8,19,100.0,7,963.303,124.241,0.9675,0.05604,1.24157
random-matched,93,False,True,536742.9,542628.6,206,5.8857,0,0,7,23,100.0,9,1019.417,144.887,1.00454,0.41746,1.57892
random-matched,94,False,True,542628.6,547971.4,187,5.3429,0,2,4,8,100.0,9,1122.995,88.24,0.99747,0.53073,0.73217
random-matched,95,False,True,547971.4,553457.1,192,5.4857,1,4,8,18,100.0,9,1093.75,126.364,1.19094,0.71567,1.26471
random-matched,96,False,True,553457.1,558114.3,163,4.6571,0,0,6,27,100.0,6,1288.344,158.996,0.97521,0.17447,2.401
random-matched,97,False,True,558114.3,564142.9,211,6.0286,1,2,6,15,100.0,10,995.261,130.007,1.04972,0.54475,1.01288
random-matched,98,False,True,564142.9,569657.1,193,5.5143,0,2,8,21,100.0,9,1088.083,129.343,0.94095,0.52317,1.51239
random-matched,99,False,True,569657.1,574971.4,186,5.3143,0,1,7,18,100.0,10,1129.032,137.612,0.94625,0.51434,1.37096
random-matched,100,False,True,574971.4,581542.9,230,6.5714,1,3,10,31,100.0,10,913.043,157.048,0.86208,0.10615,1.96592
random-matched,101,False,True,581542.9,587171.4,197,5.6286,1,3,10,29,100.0,9,1065.99,160.469,0.96294,0.17584,2.16528
random-matched,102,False,True,587171.4,593600.0,225,6.4286,1,0,10,23,100.0,10,933.333,153.448,1.04307,0.48324,1.53122
random-matched,103,True,False,593600.0,600000.0,224,6.4,1,2,9,24,96.0,9,900.0,152.825,1.03081,0.42168,1.52474
random-dose-matched,1,False,True,0,6085.7,213,6.0857,1,1,9,28,100.0,9,985.915,202.834,0.95725,0.51352,2.39472
random-dose-matched,2,False,True,6085.7,11714.3,197,5.6286,0,1,5,14,100.0,9,1065.99,91.026,0.93582,0.38498,1.02941
random-dose-matched,3,False,True,11714.3,17342.9,197,5.6286,0,2,6,14,100.0,9,1065.99,122.437,1.0728,0.50134,1.09568
random-dose-matched,4,False,True,17342.9,22657.1,186,5.3143,0,1,6,15,100.0,10,1129.032,90.7,0.90782,0.35131,1.2034
random-dose-matched,5,False,True,22657.1,27600.0,173,4.9429,0,2,5,15,100.0,8,1213.873,94.305,0.95908,0.12478,1.29272
random-dose-matched,6,False,True,27600.0,33371.4,202,5.7714,0,1,5,16,100.0,10,1039.604,118.351,1.0593,0.54338,1.22949
random-dose-matched,7,False,True,33371.4,40257.1,241,6.8857,1,2,9,27,100.0,9,871.369,166.717,0.9655,0.44457,1.67715
random-dose-matched,8,False,True,40257.1,46942.9,234,6.6857,2,2,8,15,100.0,10,897.436,119.674,0.98984,0.57335,0.98333
random-dose-matched,9,False,True,46942.9,52371.4,190,5.4286,1,4,7,27,100.0,9,1105.263,142.477,0.87864,0.45575,2.20474
random-dose-matched,10,False,True,52371.4,58285.7,207,5.9143,1,3,11,42,100.0,10,1014.493,192.021,1.05969,0.51626,3.04645
random-dose-matched,11,False,True,58285.7,65400.0,249,7.1143,1,4,11,69,100.0,10,843.373,356.499,1.21314,0.47147,4.28724
random-dose-matched,12,False,True,65400.0,70000.0,161,4.6,1,3,7,29,100.0,9,1304.348,129.983,0.85311,0.29973,2.64022
random-dose-matched,13,False,True,70000.0,78171.4,286,8.1714,1,1,13,64,100.0,12,734.266,389.241,1.01533,0.51029,3.68368
random-dose-matched,14,False,True,78171.4,86885.7,305,8.7143,1,1,14,60,100.0,8,688.525,354.562,0.94522,0.41424,3.02948
random-dose-matched,15,False,True,86885.7,92942.9,212,6.0571,1,3,10,39,100.0,10,990.566,220.776,1.13216,0.47369,2.93261
random-dose-matched,16,False,True,92942.9,100342.9,259,7.4,1,2,14,65,100.0,12,810.811,358.275,1.11081,0.50386,3.89139
random-dose-matched,17,False,True,100342.9,106428.6,213,6.0857,1,1,11,47,100.0,8,985.915,242.124,0.95843,0.305,3.25716
random-dose-matched,18,False,True,106428.6,112771.4,222,6.3429,1,2,11,57,100.0,7,945.946,343.768,1.01177,0.57811,3.97205
random-dose-matched,19,False,True,112771.4,119400.0,232,6.6286,1,2,12,48,100.0,10,905.172,277.408,1.07604,0.53699,3.17666
random-dose-matched,20,False,True,119400.0,131742.9,432,12.3429,3,2,20,92,100.0,10,486.111,466.362,0.98558,0.45769,3.18276
random-dose-matched,21,False,True,131742.9,138742.9,245,7.0,1,0,12,56,100.0,7,857.143,321.141,1.04638,0.50425,3.57473
random-dose-matched,22,False,True,138742.9,147028.6,290,8.2857,1,0,15,71,100.0,9,724.138,452.408,0.9748,0.42639,4.06782
random-dose-matched,23,False,True,147028.6,153514.3,227,6.4857,0,2,11,57,100.0,8,925.11,310.393,1.03839,0.32936,4.22705
random-dose-matched,24,False,True,153514.3,158400.0,171,4.8857,0,2,8,36,100.0,8,1228.07,195.111,0.93882,0.27914,3.60105
random-dose-matched,25,False,True,158400.0,163828.6,190,5.4286,0,1,7,22,100.0,9,1105.263,112.764,0.83261,0.1174,1.663
random-dose-matched,26,False,True,163828.6,171028.6,252,7.2,2,3,10,29,100.0,8,833.333,186.992,1.06575,0.56472,1.68213
random-dose-matched,27,False,True,171028.6,176828.6,203,5.8,0,1,7,20,100.0,8,1034.483,150.557,1.0701,0.13945,1.62909
random-dose-matched,28,False,True,176828.6,181800.0,174,4.9714,0,2,8,17,100.0,9,1206.897,86.163,1.08144,0.71783,1.55901
random-dose-matched,29,False,True,181800.0,188000.0,217,6.2,1,3,8,25,100.0,9,967.742,136.425,1.08627,0.72255,1.84446
random-dose-matched,30,False,True,188000.0,193628.6,197,5.6286,1,2,8,20,100.0,8,1065.99,120.203,1.05484,0.5422,1.47441
random-dose-matched,31,False,True,193628.6,198971.4,187,5.3429,0,1,7,20,100.0,9,1122.995,109.439,0.94195,0.40278,1.75003
random-dose-matched,32,False,True,198971.4,205714.3,236,6.7429,1,3,11,23,100.0,11,889.831,126.676,1.09816,0.4531,1.38435
random-dose-matched,33,False,True,205714.3,211428.6,200,5.7143,0,0,6,19,100.0,9,1050.0,153.8,1.02378,0.19548,1.47738
random-dose-matched,34,False,True,211428.6,218600.0,251,7.1714,1,0,11,35,100.0,9,836.653,179.633,0.96891,0.40241,2.20904
random-dose-matched,35,False,True,218600.0,223285.7,164,4.6857,0,0,6,21,100.0,6,1280.488,137.762,0.9602,0.31864,1.98033
random-dose-matched,36,False,True,223285.7,228200.0,172,4.9143,0,2,6,11,100.0,9,1220.93,105.036,0.92308,0.18126,0.90571
random-dose-matched,37,False,True,228200.0,234457.1,219,6.2571,1,2,8,28,100.0,8,958.904,175.068,1.10035,0.66694,1.85787
random-dose-matched,38,False,True,234457.1,239714.3,184,5.2571,0,1,7,14,100.0,8,1141.304,97.412,1.15269,0.758,1.02516
random-dose-matched,39,False,True,239714.3,245057.1,187,5.3429,0,2,6,13,100.0,10,1122.995,97.734,1.01115,0.59419,1.09024
random-dose-matched,40,False,True,245057.1,249742.9,164,4.6857,0,1,7,22,100.0,8,1280.488,132.995,0.89598,0.29821,1.8782
random-dose-matched,41,False,True,249742.9,255742.9,210,6.0,1,2,7,15,100.0,9,1000.0,104.89,0.96812,0.50088,1.11141
random-dose-matched,42,False,True,255742.9,261428.6,199,5.6857,1,1,7,21,100.0,9,1055.276,119.547,0.91916,0.23576,1.7566
random-dose-matched,43,False,True,261428.6,268600.0,251,7.1714,0,0,10,24,100.0,11,836.653,141.999,0.99886,0.41715,1.41394
random-dose-matched,44,False,True,268600.0,274600.0,210,6.0,1,4,8,28,100.0,9,1000.0,187.995,0.98376,0.16024,2.13339
random-dose-matched,45,False,True,274600.0,280000.0,189,5.4,0,1,5,12,100.0,9,1111.111,91.257,1.07973,0.63269,0.88449
random-dose-matched,46,False,True,280000.0,286800.0,238,6.8,1,2,8,24,100.0,9,882.353,164.018,0.9707,0.30626,1.53041
random-dose-matched,47,False,True,286800.0,292171.4,188,5.3714,1,2,8,17,100.0,8,1117.021,128.429,1.1173,0.68675,1.40107
random-dose-matched,48,False,True,292171.4,298257.1,213,6.0857,1,1,7,17,100.0,8,985.915,147.815,0.99455,0.52078,1.39447
random-dose-matched,49,False,True,298257.1,304142.9,206,5.8857,1,2,8,21,100.0,10,1019.417,120.673,1.01633,0.45078,1.41685
random-dose-matched,50,False,True,304142.9,310457.1,221,6.3143,1,1,8,20,100.0,9,950.226,115.726,1.08497,0.49935,1.40285
random-dose-matched,51,False,True,310457.1,316028.6,195,5.5714,1,3,7,17,100.0,9,1076.923,128.356,1.07934,0.54204,1.57325
random-dose-matched,52,False,True,316028.6,321800.0,202,5.7714,0,0,7,16,100.0,9,1039.604,137.121,0.93921,0.52343,1.16858
random-dose-matched,53,False,True,321800.0,327428.6,197,5.6286,0,0,8,20,100.0,8,1065.99,127.628,0.98165,0.44898,1.61672
random-dose-matched,54,False,True,327428.6,333742.9,221,6.3143,1,2,9,23,100.0,10,950.226,121.394,1.14259,0.60056,1.45301
random-dose-matched,55,False,True,333742.9,339657.1,207,5.9143,0,1,6,15,100.0,11,1014.493,105.077,1.04054,0.58257,1.12089
random-dose-matched,56,False,True,339657.1,345200.0,194,5.5429,0,0,6,16,100.0,9,1082.474,120.48,0.86626,0.13145,1.14541
random-dose-matched,57,False,True,345200.0,351257.1,212,6.0571,2,2,9,21,100.0,10,990.566,130.609,0.92335,0.47813,1.70244
random-dose-matched,58,False,True,351257.1,355742.9,157,4.4857,0,0,3,6,100.0,8,1337.58,89.598,1.25079,0.87737,0.49069
random-dose-matched,59,False,True,355742.9,360714.3,174,4.9714,1,3,6,17,100.0,7,1206.897,117.282,1.00367,0.51968,1.5076
random-dose-matched,60,False,True,360714.3,365971.4,184,5.2571,0,0,6,11,100.0,10,1141.304,102.79,1.14063,0.70359,0.89665
random-dose-matched,61,False,True,365971.4,370371.4,154,4.4,0,0,6,10,100.0,7,1363.636,108.444,0.94977,0.41696,1.02733
random-dose-matched,62,False,True,370371.4,376000.0,197,5.6286,1,2,7,18,100.0,11,1065.99,83.147,1.12247,0.73083,1.31551
random-dose-matched,63,False,True,376000.0,380371.4,153,4.3714,0,2,4,11,100.0,7,1372.549,86.256,0.8844,0.40342,1.11426
random-dose-matched,64,False,True,380371.4,391285.7,382,10.9143,2,4,16,47,100.0,9,549.738,275.672,0.99618,0.47484,1.83219
random-dose-matched,65,False,True,391285.7,396285.7,175,5.0,0,2,6,13,100.0,9,1200.0,85.422,1.12828,0.42919,1.2183
random-dose-matched,66,False,True,396285.7,402714.3,225,6.4286,0,1,5,17,100.0,8,933.333,131.806,1.14411,0.84831,1.06488
random-dose-matched,67,False,True,402714.3,408942.9,218,6.2286,2,4,9,20,100.0,8,963.303,129.282,0.94388,0.41593,1.27283
random-dose-matched,68,False,True,408942.9,415142.9,217,6.2,1,1,7,15,100.0,10,967.742,113.331,1.09005,0.55412,1.10516
random-dose-matched,69,False,True,415142.9,421571.4,225,6.4286,1,1,8,21,100.0,11,933.333,125.159,0.94891,0.34152,1.30919
random-dose-matched,70,False,True,421571.4,426285.7,165,4.7143,0,1,7,19,100.0,7,1272.727,115.891,1.17172,0.64888,1.71946
random-dose-matched,71,False,True,426285.7,431714.3,190,5.4286,0,1,8,23,100.0,9,1105.263,112.592,0.93833,0.32128,1.80295
random-dose-matched,72,False,True,431714.3,435971.4,149,4.2571,0,1,5,9,100.0,6,1409.396,105.699,1.18078,0.77143,1.05782
random-dose-matched,73,False,True,435971.4,444942.9,314,8.9714,2,2,11,35,100.0,9,668.79,236.864,1.15062,0.43843,1.8274
random-dose-matched,74,False,True,444942.9,450571.4,197,5.6286,1,3,7,25,100.0,9,1065.99,92.858,0.89499,0.4892,1.81524
random-dose-matched,75,False,True,450571.4,456657.1,213,6.0857,1,1,8,25,100.0,11,985.915,149.464,1.05882,0.55333,1.91384
random-dose-matched,76,False,True,456657.1,462114.3,191,5.4571,1,2,8,20,100.0,10,1099.476,135.388,1.03818,0.57053,1.71096
random-dose-matched,77,False,True,462114.3,467914.3,203,5.8,0,1,8,23,100.0,9,1034.483,143.51,0.91161,0.43316,1.78669
random-dose-matched,78,False,True,467914.3,473714.3,203,5.8,1,3,9,17,100.0,8,1034.483,132.181,1.00296,0.58514,1.30536
random-dose-matched,79,False,True,473714.3,480971.4,254,7.2571,2,2,8,18,100.0,9,826.772,157.272,1.02052,0.43077,1.05581
random-dose-matched,80,False,True,480971.4,487085.7,214,6.1143,1,1,8,18,100.0,10,981.308,106.529,1.07842,0.37756,1.17801
random-dose-matched,81,False,True,487085.7,492257.1,181,5.1714,0,3,7,22,100.0,9,1160.221,148.493,0.9814,0.46077,1.93484
random-dose-matched,82,False,True,492257.1,496914.3,163,4.6571,0,1,5,9,100.0,9,1288.344,97.876,1.00816,0.6137,0.85974
random-dose-matched,83,False,True,496914.3,501742.9,169,4.8286,0,1,8,41,100.0,8,1242.604,218.853,0.99788,0.15189,3.92524
random-dose-matched,84,False,True,501742.9,507885.7,215,6.1429,0,0,9,40,100.0,12,976.744,213.816,0.97764,0.406,3.18359
random-dose-matched,85,False,True,507885.7,516057.1,286,8.1714,1,0,14,62,100.0,9,734.266,343.535,1.0208,0.48182,3.24949
random-dose-matched,86,False,True,516057.1,522428.6,223,6.3714,1,2,11,49,100.0,9,941.704,223.344,1.03801,0.53857,3.16616
random-dose-matched,87,False,True,522428.6,532257.1,344,9.8286,2,3,15,76,100.0,9,610.465,399.089,0.9625,0.32721,3.46213
random-dose-matched,88,False,True,532257.1,540914.3,303,8.6571,2,2,14,79,100.0,7,693.069,376.664,1.00721,0.43495,4.18602
random-dose-matched,89,False,True,540914.3,550000.0,318,9.0857,1,1,16,80,100.0,11,660.377,428.652,0.98143,0.43881,4.01864
random-dose-matched,90,False,True,550000.0,557628.6,267,7.6286,1,3,11,62,100.0,10,786.517,360.828,1.06786,0.25563,3.66901
random-dose-matched,91,False,True,557628.6,563142.9,193,5.5143,1,3,10,55,100.0,10,1088.083,246.655,0.9243,0.28693,4.24768
random-dose-matched,92,False,True,563142.9,571371.4,288,8.2286,2,0,12,60,100.0,9,729.167,380.188,1.00981,0.43788,3.5587
random-dose-matched,93,False,True,571371.4,582485.7,389,11.1143,2,3,19,93,100.0,9,539.846,478.894,0.98514,0.36677,3.76618
random-dose-matched,94,False,True,582485.7,590114.3,267,7.6286,2,2,12,51,100.0,10,786.517,254.073,0.97095,0.08455,2.84383
random-dose-matched,95,False,True,590114.3,597114.3,245,7.0,1,0,11,54,100.0,10,857.143,345.504,1.19316,0.63036,3.51411
random-dose-matched,96,True,False,597114.3,600000.0,101,2.8857,0,0,4,23,45.0,3,935.644,129.497,0.87795,0.12145,3.44708
ppl101,1,False,True,0,6257.1,219,6.2571,1,1,8,25,100.0,9,958.904,206.665,0.91415,0.41411,2.17481
ppl101,2,False,True,6257.1,11514.3,184,5.2571,1,2,7,18,100.0,9,1141.304,110.104,1.0383,0.52159,1.33298
ppl101,3,False,True,11514.3,16657.1,180,5.1429,0,1,5,12,100.0,9,1166.667,98.916,1.00038,0.39947,1.14568
ppl101,4,False,True,16657.1,23685.7,246,7.0286,1,3,9,18,100.0,11,853.659,133.125,0.92881,0.51148,1.14222
ppl101,5,False,True,23685.7,29028.6,187,5.3429,0,2,7,18,100.0,10,1122.995,97.479,0.84132,0.2822,1.33842
ppl101,6,False,True,29028.6,34428.6,189,5.4,0,0,6,14,100.0,9,1111.111,96.357,1.03978,0.47809,1.33995
ppl101,7,False,True,34428.6,42314.3,276,7.8857,2,2,10,24,100.0,9,760.87,169.26,1.07912,0.60703,1.26634
ppl101,8,False,True,42314.3,47628.6,186,5.3143,0,1,7,21,100.0,9,1129.032,102.086,0.93354,0.21219,1.57099
ppl101,9,False,True,47628.6,54685.7,247,7.0571,1,0,10,32,100.0,9,850.202,184.702,1.05619,0.3956,1.96577
ppl101,10,False,True,54685.7,62200.0,263,7.5143,2,2,10,17,100.0,10,798.479,129.628,0.99833,0.62198,0.90988
ppl101,11,False,True,62200.0,67914.3,200,5.7143,1,3,7,21,100.0,11,1050.0,135.694,1.06223,0.5914,1.68995
ppl101,12,False,True,67914.3,72285.7,153,4.3714,0,0,4,10,100.0,7,1372.549,68.338,0.93858,0.4334,0.90616
ppl101,13,False,True,72285.7,78114.3,204,5.8286,0,2,7,24,100.0,10,1029.412,119.533,0.91885,0.38344,1.67298
ppl101,14,False,True,78114.3,84171.4,212,6.0571,0,3,7,18,100.0,9,990.566,125.531,0.90421,0.33502,1.25488
ppl101,15,False,True,84171.4,88800.0,162,4.6286,1,3,7,13,100.0,10,1296.296,108.502,0.79054,0.01346,1.11863
ppl101,16,False,True,88800.0,95771.4,244,6.9714,0,2,8,24,100.0,13,860.656,121.047,1.01039,0.54172,1.50548
ppl101,17,False,True,95771.4,100942.9,181,5.1714,0,4,8,18,100.0,9,1160.221,96.627,0.82158,0.05883,1.44624
ppl101,18,False,True,100942.9,107971.4,246,7.0286,2,4,10,24,100.0,9,853.659,140.509,1.19211,0.45075,1.37158
ppl101,19,False,True,107971.4,113971.4,210,6.0,1,2,7,16,100.0,9,1000.0,125.681,1.02843,0.46999,1.19119
ppl101,20,False,True,113971.4,120000.0,211,6.0286,1,3,7,18,100.0,10,995.261,119.559,0.97058,0.47907,1.33591
ppl101,21,False,True,120000.0,125285.7,185,5.2857,0,1,7,19,100.0,8,1135.135,91.011,1.08586,0.5326,1.58444
ppl101,22,False,True,125285.7,131714.3,225,6.4286,0,0,7,20,100.0,8,933.333,137.22,0.91718,-0.01828,1.53268
ppl101,23,False,True,131714.3,137400.0,199,5.6857,0,2,7,24,100.0,8,1055.276,147.31,1.06508,0.21366,1.74851
ppl101,24,False,True,137400.0,142314.3,172,4.9143,0,0,5,12,100.0,9,1220.93,82.178,1.19133,0.8774,1.10663
ppl101,25,False,True,142314.3,147571.4,184,5.2571,1,2,6,11,100.0,9,1141.304,98.675,1.1307,0.52019,0.79355
ppl101,26,False,True,147571.4,153114.3,194,5.5429,1,3,7,17,100.0,8,1082.474,138.31,1.17865,0.70413,1.30631
ppl101,27,False,True,153114.3,162914.3,343,9.8,2,3,15,62,100.0,9,612.245,352.801,1.06775,0.61866,2.74881
ppl101,28,False,True,162914.3,170514.3,266,7.6,2,2,13,62,100.0,8,789.474,362.306,1.096,0.56369,3.73968
ppl101,29,False,True,170514.3,179600.0,318,9.0857,2,3,15,67,100.0,9,660.377,348.828,0.98729,0.37773,3.3023
ppl101,30,False,True,179600.0,189685.7,353,10.0857,4,3,17,86,100.0,9,594.901,425.304,0.98607,0.3737,3.91961
ppl101,31,False,True,189685.7,199828.6,355,10.1429,2,0,17,83,100.0,7,591.549,463.32,0.99576,0.38977,3.78097
ppl101,32,False,True,199828.6,206371.4,229,6.5429,0,0,10,53,100.0,10,917.031,331.222,1.06501,0.5684,3.86601
ppl101,33,False,True,206371.4,212228.6,205,5.8571,0,4,11,39,100.0,7,1024.39,175.085,0.90809,0.29204,2.77771
ppl101,34,False,True,212228.6,222285.7,352,10.0571,1,2,15,70,100.0,8,596.591,389.568,0.93764,0.55088,3.07688
ppl101,35,False,True,222285.7,227571.4,185,5.2857,0,4,9,53,100.0,6,1135.135,245.514,1.14428,0.48485,4.90205
ppl101,36,False,True,227571.4,233457.1,206,5.8857,0,0,10,50,100.0,8,1019.417,276.855,1.0292,0.44932,3.78645
ppl101,37,False,True,233457.1,240971.4,263,7.5143,1,0,12,66,100.0,7,798.479,412.342,1.00918,0.57576,4.22074
ppl101,38,False,True,240971.4,254400.0,470,13.4286,2,3,24,112,100.0,8,446.809,639.981,1.00018,0.30518,4.00038
ppl101,39,False,True,254400.0,259942.9,194,5.5429,1,3,10,31,100.0,9,1082.474,160.376,1.13015,0.62189,2.51854
ppl101,40,False,True,259942.9,266828.6,241,6.8857,1,0,12,77,100.0,7,871.369,425.387,1.02968,0.54548,4.96456
ppl101,41,False,True,266828.6,276314.3,332,9.4857,2,2,16,80,100.0,9,632.53,442.838,1.14642,0.56311,3.7568
ppl101,42,False,True,276314.3,283828.6,263,7.5143,1,2,13,64,100.0,10,798.479,343.441,1.00004,0.45949,3.79186
ppl101,43,False,True,283828.6,290285.7,226,6.4571,0,0,11,57,100.0,8,929.204,329.216,0.99842,0.3548,4.36179
ppl101,44,False,True,290285.7,297342.9,247,7.0571,1,2,11,54,100.0,10,850.202,308.702,1.1229,0.3684,3.54206
ppl101,45,False,True,297342.9,303571.4,218,6.2286,2,5,12,55,100.0,8,963.303,245.08,0.94277,0.14274,3.93428
ppl101,46,False,True,303571.4,310114.3,229,6.5429,1,0,10,50,100.0,9,917.031,321.299,1.12476,0.61609,3.49251
ppl101,47,False,True,310114.3,318228.6,284,8.1143,1,1,15,68,100.0,7,739.437,347.524,1.06408,0.51791,3.52417
ppl101,48,False,True,318228.6,324257.1,211,6.0286,1,0,10,49,100.0,8,995.261,250.775,1.08327,0.56199,3.70887
ppl101,49,False,True,324257.1,331342.9,248,7.0857,0,0,11,50,100.0,7,846.774,303.747,1.06656,0.50172,3.27199
ppl101,50,False,True,331342.9,337685.7,222,6.3429,0,1,10,47,100.0,10,945.946,269.679,1.00261,0.51716,3.66331
ppl101,51,False,True,337685.7,344342.9,233,6.6571,0,0,13,66,100.0,9,901.288,330.871,1.08168,0.52962,4.69825
ppl101,52,False,True,344342.9,350828.6,227,6.4857,1,2,12,60,100.0,8,925.11,287.337,1.14071,0.66448,4.38256
ppl101,53,False,True,350828.6,360885.7,352,10.0571,2,0,19,81,100.0,9,596.591,470.423,1.03426,0.53281,3.60384
ppl101,54,False,True,360885.7,373714.3,449,12.8286,3,2,22,116,100.0,8,467.706,601.357,0.98325,0.36185,3.97157
ppl101,55,False,True,373714.3,380171.4,226,6.4571,1,2,9,45,100.0,8,929.204,279.858,1.06535,0.6425,3.21697
ppl101,56,False,True,380171.4,385542.9,188,5.3714,0,2,11,54,100.0,9,1117.021,273.853,1.14752,0.59279,4.30131
ppl101,57,False,True,385542.9,392971.4,260,7.4286,1,0,13,68,100.0,9,807.692,372.296,0.94044,0.45452,4.22304
ppl101,58,False,True,392971.4,397800.0,169,4.8286,0,1,7,38,100.0,8,1242.604,186.323,1.09813,0.55663,3.46713
ppl101,59,False,True,397800.0,404314.3,228,6.5143,1,1,12,55,100.0,8,921.053,304.207,1.04062,0.57147,3.76967
ppl101,60,False,True,404314.3,413257.1,313,8.9429,3,3,15,79,100.0,9,670.927,463.105,0.92669,0.35443,4.22285
ppl101,61,False,True,413257.1,417942.9,164,4.6857,0,2,7,36,100.0,8,1280.488,168.659,0.89849,0.11241,3.31446
ppl101,62,False,True,417942.9,426800.0,310,8.8571,2,2,15,91,100.0,8,677.419,476.559,1.09582,0.49377,4.4562
ppl101,63,False,True,426800.0,430600.0,133,3.8,1,2,6,28,100.0,7,1578.947,163.475,0.87812,0.23445,3.22719
ppl101,64,False,True,430600.0,441285.7,374,10.6857,2,0,19,88,100.0,10,561.497,490.698,0.98713,0.38255,3.73965
ppl101,65,False,True,441285.7,446914.3,197,5.6286,0,1,9,42,100.0,8,1065.99,179.291,1.04303,0.60021,3.11612
ppl101,66,False,True,446914.3,453600.0,234,6.6857,0,2,10,43,100.0,10,897.436,150.856,1.04523,0.63926,2.80888
ppl101,67,False,True,453600.0,458885.7,185,5.2857,0,3,9,56,100.0,8,1135.135,239.074,1.00896,0.33049,4.54997
ppl101,68,False,True,458885.7,471085.7,427,12.2,2,0,21,112,100.0,9,491.803,571.94,0.9759,0.35413,4.17014
ppl101,69,False,True,471085.7,476714.3,197,5.6286,0,1,9,39,100.0,9,1065.99,212.861,0.99222,0.42827,3.26306
ppl101,70,False,True,476714.3,481257.1,159,4.5429,0,2,8,35,100.0,8,1320.755,143.552,0.89427,0.0879,3.32249
ppl101,71,False,True,481257.1,486885.7,197,5.6286,0,2,10,50,100.0,9,1065.99,246.54,0.97075,0.46803,3.73238
ppl101,72,False,True,486885.7,493628.6,236,6.7429,2,0,10,55,100.0,7,889.831,320.463,0.99715,0.43847,3.75129
ppl101,73,False,True,493628.6,504228.6,371,10.6,2,2,20,79,100.0,9,566.038,415.23,1.0378,0.56412,3.27105
ppl101,74,False,True,504228.6,512600.0,293,8.3714,1,1,15,75,100.0,9,716.724,441.086,1.02639,0.43086,4.32807
ppl101,75,False,True,512600.0,521828.6,323,9.2286,2,0,14,66,100.0,8,650.155,329.907,0.97684,0.39361,3.07493
ppl101,76,False,True,521828.6,528971.4,250,7.1429,1,2,11,49,100.0,11,840.0,306.492,1.20733,0.55327,3.44004
ppl101,77,False,True,528971.4,539857.1,381,10.8857,2,1,19,101,100.0,9,551.181,574.55,0.93215,0.47748,4.64496
ppl101,78,False,True,539857.1,546485.7,232,6.6286,1,2,12,58,100.0,10,905.172,305.412,0.92227,0.19504,4.25645
ppl101,79,False,True,546485.7,554771.4,290,8.2857,1,0,14,73,100.0,8,724.138,429.342,1.03305,0.52454,3.93013
ppl101,80,False,True,554771.4,565057.1,360,10.2857,2,0,18,90,100.0,10,583.333,495.509,0.98629,0.41237,3.95776
ppl101,81,False,True,565057.1,571600.0,229,6.5429,1,1,11,53,100.0,8,917.031,293.39,1.03384,0.56964,3.54942
ppl101,82,False,True,571600.0,577142.9,194,5.5429,0,2,10,42,100.0,9,1082.474,250.989,1.0354,0.45316,3.78714
ppl101,83,False,True,577142.9,582571.4,190,5.4286,0,0,8,46,100.0,8,1105.263,285.371,1.02718,0.56621,3.8202
ppl101,84,False,True,582571.4,587914.3,187,5.3429,0,1,8,30,100.0,11,1122.995,155.499,0.95257,0.36307,2.6254
ppl101,85,False,True,587914.3,593314.3,189,5.4,0,1,9,43,100.0,9,1111.111,209.589,0.96576,0.31374,3.40576
ppl101,86,True,False,593314.3,600000.0,234,6.6857,1,2,12,60,90.0,6,807.692,369.86,1.11977,0.56657,4.22683
